id,last_name,first_name,second_name
1,Стекольников,,
2,Лебедев,,
3,Суров,,
4,Тихонов,,
5,Лебе,,
6,Лопатина,,
7,Лисовский,,
8,Оболенская,,
9,Щипанов,,
10,Опарин,,
11,Докучаев,,
12,Дорогой,,
13,Дупал,,
14,Бойко,,
15,Абрамсон,,
16,Бубличенко,,
17,Марин,,
18,Станюкович,,
19,Фокин,,
20,Третьяков,,
21,Гамбарян,,
22,Богдарина,,
23,Емельченко,,
24,Саблина,,
25,Черноусова,,
26,Ракитин,,
27,Иванов,,
28,Сморкачева,,
29,Миронов,,
30,Love,,
31,Никаноров,,
32,Никоноров,,
33,Петрова,,
34,Чибиряк,,
35,Ващенок,,
36,Хляп,,
37,Пчелинцев,,
38,Гилева,,
39,Банникова,,
40,Абрамова,,
41,Рупасов,,
42,Романов,,
43,Марочкина,,
44,Соколова,,
45,Ковальская,,
46,Шефтель,,
47,Якимова,,
48,Кухарева,,
49,Роговин,,
50,Чабовский,,
51,Попов,,
52,Ильиченко,,
53,Голенищев,,
54,Малыгин,,
55,Богданов,,
56,Войта,,
57,Мельников,,
58,Неронов,,
59,Осипова,,
60,Вагапов,,
61,Лущекина,,
62,Абрамов,,
63,Борисенко,,
64,Elena,Buzan,
65,Krystufek,,
66,Krystufek,Boris,
67,Бахтадзе,,
68,Росина,,
69,Митропольский,,
70,Маликов,,
71,Мухачева,,
72,Phil,Wibe,
73,William,,
74,Pruitt,,
75,Бурская,,
76,Borisenko,,
77,Herbert,,
78,Давыдова,,
79,Кшнясе,,
80,Картавцева,,
81,Мейер,,
82,Борисов,,
83,Стрекаловская,,
84,Стрекалова,,
85,Редькин,,
86,Пожидаева,,
87,Пожидаева,Наталья,
88,Millar,,
89,Родченкова,,
90,Кузин,,
91,Соктин,,
92,Зуева,,
93,Снигиревская,,
94,Шереметьева,,
95,Павленко,,
96,Кораблев,,
97,Шереметьев,,
98,Мещерский,,
99,Феоктистова,,
100,Ситникова,,
101,Подольский,,
102,МЕЩерский,,
103,Пузаченко,,
104,Редькин,Ярослав,
105,Острашабов,,
106,Бодров,,
107,Руднева,,
108,Большакова,,
109,АВ,Андреевских,
110,Кравченко,,
111,Андреевских,,
112,Платонов,,
113,Графодатский,,
114,АЕ,Зыков,
115,Тракквилевский,,
116,Траккилевский,,
117,Виноградов,,
118,Тупикин,Андрей,
119,Зыков,,
120,Васильева,,
121,Олейников,,
122,Рейхардт,,
123,Розанов,,
124,Стальмакова,,
125,Дольник,,
126,Кузнецов,,
127,Юргенсон,,
128,Некипелов,,
129,Неструев,,
130,Потехина,,
131,Огнев,,
132,Сапожников,,
133,Беляева,,
134,Россолимо,,
135,Паровщиков,,
136,Волкова,,
137,Бруснев,,
138,Фейгин,,
139,Чернявский,,
140,Мартино,,
141,Черский,,
142,Колымская,,
143,Nuri,Yigit,
144,Ercument,Colak,
145,Захаров,Евгений,
146,Аргиропуло,,
147,Чугунов,,
148,Сотников,,
149,Кадетова,,
150,Фетисов,,
151,Пржевальский,,
152,Киттлиц,,
153,Радде,,
154,Зальберг,,
155,Маак,,
156,Кобяков,,
157,Путинцев,,
158,Моролдоев,,
159,Моролдоев,Игорь,
160,Рюриков,,
161,Сухчулуун,,
162,Хл,,
163,Эверсманн,,
164,Серебренников,,
165,Тувинская,,
166,ЗИН,,
167,Дорогостайский,,
168,Ткаченко,,
169,Мильто,,
170,Рябушинский,,
171,Куликов,,
172,Кривошеев,,
173,Велицкий,,
174,Долгов,,
175,Баженов,,
176,Березовский,,
177,Роборовский,,
178,Козлов,,
179,Сидоров,,
180,Стахеев,,
181,Филатов,,
182,Кириков,,
183,Шенброт,,
184,Кержевская,,
185,Северцов,,
186,Парфенова,,
187,Толль,,
188,Кищинский,,
189,Протопопов,,
190,Голенище,,
191,Зайцев,,
192,Давыдов,,
193,Павлова,,
194,Формозов,,
195,Николаев,,
196,Аракчаа,,
197,Безсонов,,
198,Флинт,,
199,Тарасов,,
200,Скалон,,
201,Банников,,
202,Неронова,,
203,Люде,,
204,Лукашин,,
205,Горелов,,
206,Орлов,,
207,Тимофеев,,
208,Бром,,
209,Гептнер,,
210,Проскурина,,
211,Гайворонская,,
212,Капитонов,,
213,Тихонова,,
214,Бондарева,,
215,Кристина,,
216,Zorenko,,
217,Golenishchev,,
218,Malikov,,
219,Бунге,,
220,Чаш,Уран-Мерген,
221,Турсунова,,
222,Аникин,,
223,Мамаев,,
224,Гаврило,,
225,Чаш,У-М,
226,Петрова,Татьяна,
227,Сморкачева,АВ,
228,Рутовская,,
229,Курышев,,
230,Огуреева,,
231,Куксин,,
232,Генельт-Яновский,,
233,Петров,,
234,Лаздин,,
235,Шингарев,,
236,Ермолаев,,
237,Павлов,,
238,Емельянов,,
239,Гнездилов,,
240,Erwin,,
241,Апояц,,
242,Раджабли,,
243,Куулар,,
244,Двояшов,,
245,Баженов,Юрий,
246,Болгарская,,
247,Shinako,,
248,Аршанова,,
249,Стогов,,
250,Аоскольский,,
251,Неелова,,
252,Гагина,,
